,plant_id,plant_name,scientific_name,botanist_name,botanist_email,botanist_phone,origin_city,origin_country,latitude,longitude,license,license_name,license_url,thumbnail,last_watered,recording_taken,soil_moisture,temperature
0,1,Venus flytrap,,Sherry Campbell,sherry.campbell@lnhm.co.uk,+1-662-659-8097x8928,Mitchellfurt,Suriname,81.2003535,7.815683,,,,,2026-01-27 13:12:19,2026-01-27 15:13:52.281700,92.82863156735496,16.47232442781895
2,3,Rafflesia arnoldii,,Elizabeth Crawford,elizabeth.crawford@lnhm.co.uk,001-222-509-7760x0558,Edwardsstad,New Zealand,-73.9289085,-106.786584,,,,,2026-01-27 14:52:32,2026-01-27 15:13:53.924479,98.8075121172093,14.170395283576498
3,4,Black bat flower,,Alan Grant,alan.grant@lnhm.co.uk,6152878920,East Sherry,Latvia,23.701525,106.401108,,,,,2026-01-27 13:35:15,2026-01-27 15:13:54.416392,94.42616159322034,16.517505847167367
4,5,Pitcher plant,Sarracenia catesbaei,Jennifer Blanchard,jennifer.blanchard@lnhm.co.uk,327.732.2111,Lake Lydiaburgh,Pitcairn Islands,17.7169705,-17.8297,451.0,CC0 1.0 Universal (CC0 1.0) Public Domain Dedication,https://creativecommons.org/publicdomain/zero/1.0/,https://s3.us-central-1.wasabisys.com/perenual/image/upgrade_access.jpg?X-Amz-Content-Sha256=UNSIGNED-PAYLOAD&X-Amz-Algorithm=AWS4-HMAC-SHA256&X-Amz-Credential=0MPGHU7CIPXNPMVWMXUW%2F20260126%2Fus-central-1%2Fs3%2Faws4_request&X-Amz-Date=20260126T151227Z&X-Amz-SignedHeaders=host&X-Amz-Expires=3600&X-Amz-Signature=ed96f7e15a0d2a9fa432c04059ca302d3af1696b4253d4c75d226a48cfa0320c,2026-01-27 14:11:02,2026-01-27 15:13:55.052449,96.55114036288849,17.179967623879477
5,6,Wollemi pine,Wollemia nobilis,Robert Walton,robert.walton@lnhm.co.uk,678.633.5125,South Thomas,Estonia,-65.203977,-124.152631,451.0,CC0 1.0 Universal (CC0 1.0) Public Domain Dedication,https://creativecommons.org/publicdomain/zero/1.0/,https://s3.us-central-1.wasabisys.com/perenual/image/upgrade_access.jpg?X-Amz-Content-Sha256=UNSIGNED-PAYLOAD&X-Amz-Algorithm=AWS4-HMAC-SHA256&X-Amz-Credential=0MPGHU7CIPXNPMVWMXUW%2F20260126%2Fus-central-1%2Fs3%2Faws4_request&X-Amz-Date=20260126T091509Z&X-Amz-SignedHeaders=host&X-Amz-Expires=3600&X-Amz-Signature=627c8c6ff072c0d15a3b1930f1357f231c3ec265e2ba4924b8dfeaa694689e63,2026-01-27 14:48:48,2026-01-27 15:13:56.061735,98.57730025377359,12.905396148687649
6,8,Bird of paradise,Heliconia schiedeana 'Fire and Ice',Anna Davis,anna.davis@lnhm.co.uk,(601)561-8163x5240,South Tina,United Arab Emirates,-60.9363685,-152.763324,451.0,CC0 1.0 Universal (CC0 1.0) Public Domain Dedication,https://creativecommons.org/publicdomain/zero/1.0/,https://s3.us-central-1.wasabisys.com/perenual/image/upgrade_access.jpg?X-Amz-Content-Sha256=UNSIGNED-PAYLOAD&X-Amz-Algorithm=AWS4-HMAC-SHA256&X-Amz-Credential=0MPGHU7CIPXNPMVWMXUW%2F20260123%2Fus-central-1%2Fs3%2Faws4_request&X-Amz-Date=20260123T173029Z&X-Amz-SignedHeaders=host&X-Amz-Expires=3600&X-Amz-Signature=673717c1b427e7c47d0c69218154fd52b34f6c6c052c738468264a4d44d92402,2026-01-27 14:47:07,2026-01-27 15:13:56.632782,98.49567030093458,16.36332803106708
7,9,Cactus,Pereskia grandifolia,Virginia Phillips,virginia.phillips@lnhm.co.uk,8273002266,Gambleshire,Nauru,-42.9962205,-123.053507,451.0,CC0 1.0 Universal (CC0 1.0) Public Domain Dedication,https://creativecommons.org/publicdomain/zero/1.0/,https://s3.us-central-1.wasabisys.com/perenual/image/upgrade_access.jpg?X-Amz-Content-Sha256=UNSIGNED-PAYLOAD&X-Amz-Algorithm=AWS4-HMAC-SHA256&X-Amz-Credential=0MPGHU7CIPXNPMVWMXUW%2F20260126%2Fus-central-1%2Fs3%2Faws4_request&X-Amz-Date=20260126T151042Z&X-Amz-SignedHeaders=host&X-Amz-Expires=3600&X-Amz-Signature=6bbb7e11e26b2f128b778c513124d6a2b915b2709dc6df9baf6d99f4863a8a3c,2026-01-27 14:38:15,2026-01-27 15:13:58.131199,97.89061890452756,15.726128385271892
8,10,Dragon tree,,Melinda Spencer,melinda.spencer@lnhm.co.uk,(242)257-5669x3173,Stevensberg,Hungary,-82.3459075,-13.080896,,,,,2026-01-27 13:13:02,2026-01-27 15:13:58.394648,92.95495665631069,17.83550648842394
9,11,Asclepias Curassavica,Asclepias curassavica,James Brooks,james.brooks@lnhm.co.uk,001-745-718-6720x493,Flowersberg,United Kingdom,-72.9649155,127.183588,4.0,Attribution License,https://creativecommons.org/licenses/by/2.0/,https://s3.us-central-1.wasabisys.com/perenual/species_image/1007_asclepias_curassavica/thumbnail/51757177616_7ca0baaa87_b.jpg?X-Amz-Content-Sha256=UNSIGNED-PAYLOAD&X-Amz-Algorithm=AWS4-HMAC-SHA256&X-Amz-Credential=0MPGHU7CIPXNPMVWMXUW%2F20260126%2Fus-central-1%2Fs3%2Faws4_request&X-Amz-Date=20260126T151651Z&X-Amz-SignedHeaders=host&X-Amz-Expires=86400&X-Amz-Signature=c8c4bd0bc461e065c313a54fcb10bacee520135451ff363a605c3175309a26b4,2026-01-27 13:10:18,2026-01-27 15:13:59.339117,93.01192173917137,16.598554708890592
10,13,Canna ‘Striata’,,Deborah Obrien,deborah.obrien@lnhm.co.uk,321-818-7487x25137,Millerton,Cyprus,-32.9029575,-146.302804,,,,,2026-01-27 14:34:26,2026-01-27 15:14:00.852052,97.65098709396636,14.859721640339801
11,14,Colocasia Esculenta,Colocasia esculenta,Joshua Jones,joshua.jones@lnhm.co.uk,+1-736-693-0793x86426,Watsontown,Nicaragua,-18.6871435,57.450992,4.0,Attribution License,https://creativecommons.org/licenses/by/2.0/,https://s3.us-central-1.wasabisys.com/perenual/species_image/2015_colocasia_esculenta/thumbnail/24325097844_14719030a3_b.jpg?X-Amz-Content-Sha256=UNSIGNED-PAYLOAD&X-Amz-Algorithm=AWS4-HMAC-SHA256&X-Amz-Credential=0MPGHU7CIPXNPMVWMXUW%2F20260126%2Fus-central-1%2Fs3%2Faws4_request&X-Amz-Date=20260126T151654Z&X-Amz-SignedHeaders=host&X-Amz-Expires=86400&X-Amz-Signature=40bbb9c3c04716fe78db438a524a7a20e47dbc34d8a44a019cf4c518978e3c15,2026-01-27 13:27:19,2026-01-27 15:14:01.558429,94.04413169767442,16.22727556433788
12,15,Cuphea ‘David Verity’,,Alexis Kaufman,alexis.kaufman@lnhm.co.uk,(356)716-8148x0222,Leeville,Cayman Islands,-62.5511245,-161.813034,,,,,2026-01-27 13:33:54,2026-01-27 15:14:01.814730,94.33225025849056,13.255071684937311
14,17,Ipomoea Batatas,Ipomoea batatas,James Underwood,james.underwood@lnhm.co.uk,+1-463-529-8946x478,Leebury,Swaziland,2.146164,56.967894,451.0,CC0 1.0 Universal (CC0 1.0) Public Domain Dedication,https://creativecommons.org/publicdomain/zero/1.0/,https://s3.us-central-1.wasabisys.com/perenual/image/upgrade_access.jpg?X-Amz-Content-Sha256=UNSIGNED-PAYLOAD&X-Amz-Algorithm=AWS4-HMAC-SHA256&X-Amz-Credential=0MPGHU7CIPXNPMVWMXUW%2F20260126%2Fus-central-1%2Fs3%2Faws4_request&X-Amz-Date=20260126T151053Z&X-Amz-SignedHeaders=host&X-Amz-Expires=3600&X-Amz-Signature=35076ffa99b1772ade4c2a936266f6a2fec3ac017482aa551b9b06dd7e0cc18c,2026-01-27 14:18:32,2026-01-27 15:14:03.420455,96.92105318853974,14.541325087808982
15,18,Manihot Esculenta ‘Variegata’,,Daniel Coffey,daniel.coffey@lnhm.co.uk,5922020840,Lake Tyler,Israel,-39.502295,-0.109342,,,,,2026-01-27 14:37:10,2026-01-27 15:14:03.673677,97.9857382411283,16.200237577487194
16,19,Musa Basjoo,Musa basjoo,John Rodriguez,john.rodriguez@lnhm.co.uk,(382)420-0455x075,Gonzalezhaven,Congo,-67.269697,102.225776,451.0,CC0 1.0 Universal (CC0 1.0) Public Domain Dedication,https://creativecommons.org/publicdomain/zero/1.0/,https://s3.us-central-1.wasabisys.com/perenual/image/upgrade_access.jpg?X-Amz-Content-Sha256=UNSIGNED-PAYLOAD&X-Amz-Algorithm=AWS4-HMAC-SHA256&X-Amz-Credential=0MPGHU7CIPXNPMVWMXUW%2F20260126%2Fus-central-1%2Fs3%2Faws4_request&X-Amz-Date=20260126T151057Z&X-Amz-SignedHeaders=host&X-Amz-Expires=3600&X-Amz-Signature=aaec028d108c33dfd2161bd9743b77044ef534fda7c5f631d92288a2227306fd,2026-01-27 14:49:17,2026-01-27 15:14:04.509357,98.6415439716895,15.438956328244286
17,20,Salvia Splendens,Salvia splendens,Jeffrey Sanchez,jeffrey.sanchez@lnhm.co.uk,4225817412,New Yolanda,Morocco,-23.4958555,-16.242039,451.0,CC0 1.0 Universal (CC0 1.0) Public Domain Dedication,https://creativecommons.org/publicdomain/zero/1.0/,https://s3.us-central-1.wasabisys.com/perenual/image/upgrade_access.jpg?X-Amz-Content-Sha256=UNSIGNED-PAYLOAD&X-Amz-Algorithm=AWS4-HMAC-SHA256&X-Amz-Credential=0MPGHU7CIPXNPMVWMXUW%2F20260126%2Fus-central-1%2Fs3%2Faws4_request&X-Amz-Date=20260126T144837Z&X-Amz-SignedHeaders=host&X-Amz-Expires=3600&X-Amz-Signature=7ac1fa6eef3fed2aa6965f6972192f487efd0e86f098a48ffc9406f81a092d3f,2026-01-27 14:30:11,2026-01-27 15:14:05.670360,97.3939956933729,16.15876177252605
18,21,Anthurium,Anthurium andraeanum,Angela Myers,angela.myers@lnhm.co.uk,3838163814,West Kevinburgh,Macao,-69.5795405,-54.074219,5.0,Attribution-ShareAlike License,https://creativecommons.org/licenses/by-sa/2.0/,https://s3.us-central-1.wasabisys.com/perenual/species_image/855_anthurium_andraeanum/thumbnail/49388458462_0ef650db39_b.jpg?X-Amz-Content-Sha256=UNSIGNED-PAYLOAD&X-Amz-Algorithm=AWS4-HMAC-SHA256&X-Amz-Credential=0MPGHU7CIPXNPMVWMXUW%2F20260126%2Fus-central-1%2Fs3%2Faws4_request&X-Amz-Date=20260126T151100Z&X-Amz-SignedHeaders=host&X-Amz-Expires=86400&X-Amz-Signature=84a174084c5197d19ce215b940dacc85c4863aa920a98c71caf2c35d12207254,2026-01-27 14:50:20,2026-01-27 15:14:07.033046,98.63179957813998,15.173517473087445
19,22,Bird of Paradise,Heliconia schiedeana 'Fire and Ice',Andrew Gentry,andrew.gentry@lnhm.co.uk,+1-865-953-8002x162,East Rebecca,Angola,-34.9328045,150.371647,451.0,CC0 1.0 Universal (CC0 1.0) Public Domain Dedication,https://creativecommons.org/publicdomain/zero/1.0/,https://s3.us-central-1.wasabisys.com/perenual/image/upgrade_access.jpg?X-Amz-Content-Sha256=UNSIGNED-PAYLOAD&X-Amz-Algorithm=AWS4-HMAC-SHA256&X-Amz-Credential=0MPGHU7CIPXNPMVWMXUW%2F20260126%2Fus-central-1%2Fs3%2Faws4_request&X-Amz-Date=20260126T151244Z&X-Amz-SignedHeaders=host&X-Amz-Expires=3600&X-Amz-Signature=562927637750e630713f9ad7376f92fd3e6bd7e67d5c26547cd3de6043d96ed2,2026-01-27 14:35:24,2026-01-27 15:14:08.457667,97.77137328763183,15.080145706951226
20,23,Cordyline Fruticosa,Cordyline fruticosa,Clarence Frazier,clarence.frazier@lnhm.co.uk,(207)200-7842x16626,Mortonborough,Luxembourg,-31.6079135,-83.850347,45.0,Attribution-ShareAlike 3.0 Unported (CC BY-SA 3.0),https://creativecommons.org/licenses/by-sa/3.0/deed.en,https://s3.us-central-1.wasabisys.com/perenual/species_image/2045_cordyline_fruticosa/thumbnail/2560px-Cordyline_fruticosa_Rubra_1.jpg?X-Amz-Content-Sha256=UNSIGNED-PAYLOAD&X-Amz-Algorithm=AWS4-HMAC-SHA256&X-Amz-Credential=0MPGHU7CIPXNPMVWMXUW%2F20260126%2Fus-central-1%2Fs3%2Faws4_request&X-Amz-Date=20260126T151246Z&X-Amz-SignedHeaders=host&X-Amz-Expires=86400&X-Amz-Signature=efb2a04ab36557df3212fd1adfaf010b547b36ba86c0004a1f0c307e6f891273,2026-01-27 14:33:50,2026-01-27 15:14:08.762499,97.581237507,12.916407290972643
21,24,Ficus,Ficus carica,Laura Curtis,laura.curtis@lnhm.co.uk,(382)979-3257x31313,Lake Alexandraside,Chile,41.085675,-4.167175,4.0,Attribution License,https://creativecommons.org/licenses/by/2.0/,https://s3.us-central-1.wasabisys.com/perenual/species_image/288_ficus_carica/thumbnail/52377169610_b7a247a378_b.jpg?X-Amz-Content-Sha256=UNSIGNED-PAYLOAD&X-Amz-Algorithm=AWS4-HMAC-SHA256&X-Amz-Credential=0MPGHU7CIPXNPMVWMXUW%2F20260126%2Fus-central-1%2Fs3%2Faws4_request&X-Amz-Date=20260126T151706Z&X-Amz-SignedHeaders=host&X-Amz-Expires=86400&X-Amz-Signature=05e5c7759817f425b164c6321a344f41563ea1f0397abc46e07d6f3905dba1ed,2026-01-27 14:01:56,2026-01-27 15:14:09.127099,95.70552319722498,12.807621604670269
22,25,Palm Trees,,Larry Coleman,larry.coleman@lnhm.co.uk,(799)359-7652x4467,Farmerberg,Isle of Man,76.6820215,164.980551,,,,,2026-01-27 13:36:09,2026-01-27 15:14:09.642801,94.59996070156106,16.994878812332896
23,26,Dieffenbachia Seguine,Dieffenbachia seguine,Sarah Hammond,sarah.hammond@lnhm.co.uk,214.495.2482,Schmidtmouth,Guinea-Bissau,-29.066297,18.278546,4.0,Attribution License,https://creativecommons.org/licenses/by/2.0/,https://s3.us-central-1.wasabisys.com/perenual/species_image/2468_dieffenbachia_seguine/thumbnail/24449059743_2aee995991_b.jpg?X-Amz-Content-Sha256=UNSIGNED-PAYLOAD&X-Amz-Algorithm=AWS4-HMAC-SHA256&X-Amz-Credential=0MPGHU7CIPXNPMVWMXUW%2F20260126%2Fus-central-1%2Fs3%2Faws4_request&X-Amz-Date=20260126T151108Z&X-Amz-SignedHeaders=host&X-Amz-Expires=86400&X-Amz-Signature=d5c260b08faaa7c3eeccca9823216284583ea396213fb8f0e28515386c711085,2026-01-27 14:32:38,2026-01-27 15:14:11.109536,97.6301240190114,13.880812058824416
24,27,Spathiphyllum,Spathiphyllum (group),Paul Wells,paul.wells@lnhm.co.uk,363.797.6625,Ruizmouth,Niger,21.876417,-31.458582,451.0,CC0 1.0 Universal (CC0 1.0) Public Domain Dedication,https://creativecommons.org/publicdomain/zero/1.0/,https://s3.us-central-1.wasabisys.com/perenual/image/upgrade_access.jpg?X-Amz-Content-Sha256=UNSIGNED-PAYLOAD&X-Amz-Algorithm=AWS4-HMAC-SHA256&X-Amz-Credential=0MPGHU7CIPXNPMVWMXUW%2F20260126%2Fus-central-1%2Fs3%2Faws4_request&X-Amz-Date=20260126T151109Z&X-Amz-SignedHeaders=host&X-Amz-Expires=3600&X-Amz-Signature=3497abf82efafc35bf46e5e97db76ab41b52dcb1aaefd490257629fef64ee45a,2026-01-27 13:28:17,2026-01-27 15:14:12.186212,94.15346255013799,16.40069177976485
25,28,Croton,Codiaeum variegatum,Katherine Hunt,katherine.hunt@lnhm.co.uk,+1-263-878-8630x362,Mallorymouth,Cocos (Keeling) Islands,9.707351,72.816634,4.0,Attribution License,https://creativecommons.org/licenses/by/2.0/,https://s3.us-central-1.wasabisys.com/perenual/species_image/1999_codiaeum_variegatum/thumbnail/29041866364_2c535b2297_b.jpg?X-Amz-Content-Sha256=UNSIGNED-PAYLOAD&X-Amz-Algorithm=AWS4-HMAC-SHA256&X-Amz-Credential=0MPGHU7CIPXNPMVWMXUW%2F20260126%2Fus-central-1%2Fs3%2Faws4_request&X-Amz-Date=20260126T151112Z&X-Amz-SignedHeaders=host&X-Amz-Expires=86400&X-Amz-Signature=76fe93955b23d37fa3217ea095c45bde9bf8737d7014f531e0dbb83d7a974aa3,2026-01-27 13:18:38,2026-01-27 15:14:13.128868,93.643328263978,14.76703273276679
26,29,Aloe Vera,Aloe vera,Melissa Walker,melissa.walker@lnhm.co.uk,(762)519-1584,West Jacobfort,Djibouti,36.0357895,148.718821,5.0,Attribution-ShareAlike License,https://creativecommons.org/licenses/by-sa/2.0/,https://s3.us-central-1.wasabisys.com/perenual/species_image/728_aloe_vera/thumbnail/52619084582_6ebcfe6a74_b.jpg?X-Amz-Content-Sha256=UNSIGNED-PAYLOAD&X-Amz-Algorithm=AWS4-HMAC-SHA256&X-Amz-Credential=0MPGHU7CIPXNPMVWMXUW%2F20260126%2Fus-central-1%2Fs3%2Faws4_request&X-Amz-Date=20260126T091600Z&X-Amz-SignedHeaders=host&X-Amz-Expires=86400&X-Amz-Signature=c56d708e00ed27bdb954713c526f05c3a2c186dc9c5cb2de421a7bfc473a1679,2026-01-27 14:03:58,2026-01-27 15:14:13.517163,95.97755996278626,12.604523127975195
27,30,Ficus Elastica,Ficus elastica,Kathleen Alvarado,kathleen.alvarado@lnhm.co.uk,855.609.7979,Lake Nicolefort,Greece,47.3941165,-24.434894,5.0,Attribution-ShareAlike License,https://creativecommons.org/licenses/by-sa/2.0/,https://s3.us-central-1.wasabisys.com/perenual/species_image/2961_ficus_elastica/thumbnail/533092219_8da73ba0d2_b.jpg?X-Amz-Content-Sha256=UNSIGNED-PAYLOAD&X-Amz-Algorithm=AWS4-HMAC-SHA256&X-Amz-Credential=0MPGHU7CIPXNPMVWMXUW%2F20260126%2Fus-central-1%2Fs3%2Faws4_request&X-Amz-Date=20260126T151114Z&X-Amz-SignedHeaders=host&X-Amz-Expires=86400&X-Amz-Signature=5f77dc7711b0b22787df049f32af15df76b8c08557ae6613c727ef96e70473c1,2026-01-27 13:00:43,2026-01-27 15:14:13.767636,92.33419365454546,10.171319058670916
28,31,Sansevieria Trifasciata,Sansevieria trifasciata,Tara Shannon,tara.shannon@lnhm.co.uk,001-212-276-0013x63686,South Haley,China,-54.5020945,-127.026269,451.0,CC0 1.0 Universal (CC0 1.0) Public Domain Dedication,https://creativecommons.org/publicdomain/zero/1.0/,https://s3.us-central-1.wasabisys.com/perenual/image/upgrade_access.jpg?X-Amz-Content-Sha256=UNSIGNED-PAYLOAD&X-Amz-Algorithm=AWS4-HMAC-SHA256&X-Amz-Credential=0MPGHU7CIPXNPMVWMXUW%2F20260126%2Fus-central-1%2Fs3%2Faws4_request&X-Amz-Date=20260126T151116Z&X-Amz-SignedHeaders=host&X-Amz-Expires=3600&X-Amz-Signature=2edd7ec9287bef60b4fccbb67940fc7323d2e661ebda96a706fb32bd78b82e55,2026-01-27 14:44:18,2026-01-27 15:14:15.175171,98.22061864752476,15.439006433830722
29,32,Philodendron Hederaceum,Philodendron hederaceum,Jessica Benson,jessica.benson@lnhm.co.uk,(987)435-8129,Joanmouth,Armenia,-35.3487675,-80.319921,451.0,CC0 1.0 Universal (CC0 1.0) Public Domain Dedication,https://creativecommons.org/publicdomain/zero/1.0/,https://s3.us-central-1.wasabisys.com/perenual/image/upgrade_access.jpg?X-Amz-Content-Sha256=UNSIGNED-PAYLOAD&X-Amz-Algorithm=AWS4-HMAC-SHA256&X-Amz-Credential=0MPGHU7CIPXNPMVWMXUW%2F20260126%2Fus-central-1%2Fs3%2Faws4_request&X-Amz-Date=20260126T184749Z&X-Amz-SignedHeaders=host&X-Amz-Expires=3600&X-Amz-Signature=3e66845fd8d36ffac805e6a48f60aef4d752e5227b46df1466b036586de2bf39,2026-01-27 14:35:13,2026-01-27 15:14:16.094576,97.66158226247505,15.975550892956424
30,33,Schefflera Arboricola,Schefflera arboricola,Adam Norman,adam.norman@lnhm.co.uk,001-769-826-0298,New Thomastown,Ethiopia,23.490859,-19.275947,451.0,CC0 1.0 Universal (CC0 1.0) Public Domain Dedication,https://creativecommons.org/publicdomain/zero/1.0/,https://s3.us-central-1.wasabisys.com/perenual/image/upgrade_access.jpg?X-Amz-Content-Sha256=UNSIGNED-PAYLOAD&X-Amz-Algorithm=AWS4-HMAC-SHA256&X-Amz-Credential=0MPGHU7CIPXNPMVWMXUW%2F20260126%2Fus-central-1%2Fs3%2Faws4_request&X-Amz-Date=20260126T155820Z&X-Amz-SignedHeaders=host&X-Amz-Expires=3600&X-Amz-Signature=e4e24c59400032701cbf567d663b42a6197d307081978c6e3a1bc23edfd1baf5,2026-01-27 13:06:43,2026-01-27 15:14:17.946713,92.53175930829268,14.55184077443451
31,34,Aglaonema Commutatum,Aglaonema commutatum,James Eaton,james.eaton@lnhm.co.uk,+1-992-447-3474,Michaelborough,Bouvet Island (Bouvetoya),-23.513493,91.272237,4.0,Attribution License,https://creativecommons.org/licenses/by/2.0/,https://s3.us-central-1.wasabisys.com/perenual/species_image/625_aglaonema_commutatum/thumbnail/24798632751_3a039ecbc6_b.jpg?X-Amz-Content-Sha256=UNSIGNED-PAYLOAD&X-Amz-Algorithm=AWS4-HMAC-SHA256&X-Amz-Credential=0MPGHU7CIPXNPMVWMXUW%2F20260126%2Fus-central-1%2Fs3%2Faws4_request&X-Amz-Date=20260126T151258Z&X-Amz-SignedHeaders=host&X-Amz-Expires=86400&X-Amz-Signature=10551cf476c6a21b1fff6fede9db538a2e591ee8bce68bd382d6ac86d3deaf42,2026-01-27 13:00:30,2026-01-27 15:14:19.226350,92.57240856059204,15.651728683750287
32,35,Monstera Deliciosa,Monstera deliciosa,Tara Quinn,tara.quinn@lnhm.co.uk,726-719-8082,New Shanechester,Tuvalu,-60.291449,-12.594265,451.0,CC0 1.0 Universal (CC0 1.0) Public Domain Dedication,https://creativecommons.org/publicdomain/zero/1.0/,https://s3.us-central-1.wasabisys.com/perenual/image/upgrade_access.jpg?X-Amz-Content-Sha256=UNSIGNED-PAYLOAD&X-Amz-Algorithm=AWS4-HMAC-SHA256&X-Amz-Credential=0MPGHU7CIPXNPMVWMXUW%2F20260126%2Fus-central-1%2Fs3%2Faws4_request&X-Amz-Date=20260126T151719Z&X-Amz-SignedHeaders=host&X-Amz-Expires=3600&X-Amz-Signature=1a50ec0df1139ecb7127c3ee9891742441b6b5c2d68a57c896674ead48df0255,2026-01-27 14:46:12,2026-01-27 15:14:19.839365,98.43283253389043,15.875504695532086
33,36,Tacca Integrifolia,Tacca integrifolia,Jacob Santos,jacob.santos@lnhm.co.uk,(462)367-2126,Port Jason,Singapore,50.7844445,177.490752,451.0,CC0 1.0 Universal (CC0 1.0) Public Domain Dedication,https://creativecommons.org/publicdomain/zero/1.0/,https://s3.us-central-1.wasabisys.com/perenual/image/upgrade_access.jpg?X-Amz-Content-Sha256=UNSIGNED-PAYLOAD&X-Amz-Algorithm=AWS4-HMAC-SHA256&X-Amz-Credential=0MPGHU7CIPXNPMVWMXUW%2F20260126%2Fus-central-1%2Fs3%2Faws4_request&X-Amz-Date=20260126T151302Z&X-Amz-SignedHeaders=host&X-Amz-Expires=3600&X-Amz-Signature=9055d9c76d02aaf72d33a55597bf1edf708515493d519f2afe3e53f8189ea854,2026-01-27 13:26:21,2026-01-27 15:14:20.727127,94.02790127004609,16.148107790634686
34,37,Psychopsis Papilio,,Regina Payne,regina.payne@lnhm.co.uk,(400)246-5288x36436,New Diana,French Guiana,15.4607085,-46.580627,,,,,2026-01-27 14:12:50,2026-01-27 15:14:20.869792,96.49156864258555,13.141078073784225
35,38,Saintpaulia Ionantha,Saintpaulia ionantha,Andrea Cook,andrea.cook@lnhm.co.uk,931-621-4485x063,Schmidtfurt,Cook Islands,-24.459428,-132.113354,451.0,CC0 1.0 Universal (CC0 1.0) Public Domain Dedication,https://creativecommons.org/publicdomain/zero/1.0/,https://s3.us-central-1.wasabisys.com/perenual/image/upgrade_access.jpg?X-Amz-Content-Sha256=UNSIGNED-PAYLOAD&X-Amz-Algorithm=AWS4-HMAC-SHA256&X-Amz-Credential=0MPGHU7CIPXNPMVWMXUW%2F20260126%2Fus-central-1%2Fs3%2Faws4_request&X-Amz-Date=20260126T151304Z&X-Amz-SignedHeaders=host&X-Amz-Expires=3600&X-Amz-Signature=ca98910553db1122ec73667b09f54542bbec6d0e96ca3f2cea94f51ef3d3d87a,2026-01-27 13:30:46,2026-01-27 15:14:21.114071,94.10889661990521,13.991106323561526
36,39,Gaillardia,Gaillardia aestivalis,Jimmy Rhodes,jimmy.rhodes@lnhm.co.uk,+1-477-347-7068,South Erik,Malta,39.852798,-22.673609,451.0,CC0 1.0 Universal (CC0 1.0) Public Domain Dedication,https://creativecommons.org/publicdomain/zero/1.0/,https://s3.us-central-1.wasabisys.com/perenual/image/upgrade_access.jpg?X-Amz-Content-Sha256=UNSIGNED-PAYLOAD&X-Amz-Algorithm=AWS4-HMAC-SHA256&X-Amz-Credential=0MPGHU7CIPXNPMVWMXUW%2F20260126%2Fus-central-1%2Fs3%2Faws4_request&X-Amz-Date=20260126T091458Z&X-Amz-SignedHeaders=host&X-Amz-Expires=3600&X-Amz-Signature=c93e1e8cf42a476651f138e2ed7692d4c4cd1392de44e8138fba38c46a1e9650,2026-01-27 14:01:48,2026-01-27 15:14:21.378095,95.66396604581674,13.467329354351639
37,40,Amaryllis,Hippeastrum (group),Briana Deleon,briana.deleon@lnhm.co.uk,605-468-2269x187,Greentown,Gibraltar,-19.2927425,-101.687203,451.0,CC0 1.0 Universal (CC0 1.0) Public Domain Dedication,https://creativecommons.org/publicdomain/zero/1.0/,https://s3.us-central-1.wasabisys.com/perenual/image/upgrade_access.jpg?X-Amz-Content-Sha256=UNSIGNED-PAYLOAD&X-Amz-Algorithm=AWS4-HMAC-SHA256&X-Amz-Credential=0MPGHU7CIPXNPMVWMXUW%2F20260126%2Fus-central-1%2Fs3%2Faws4_request&X-Amz-Date=20260126T152749Z&X-Amz-SignedHeaders=host&X-Amz-Expires=3600&X-Amz-Signature=5ec9469caa7ea6592b85595ad12c71411bfd6d33c9454ccc80f6ca21ef4c5d2a,2026-01-27 14:28:30,2026-01-27 15:14:21.942900,97.4542618908418,14.65583567398344
38,41,Caladium Bicolor,Caladium bicolor,Charles Hall,charles.hall@lnhm.co.uk,7126105026,Lake Christopherberg,Montenegro,24.7269645,-7.878364,4.0,Attribution License,https://creativecommons.org/licenses/by/2.0/,https://s3.us-central-1.wasabisys.com/perenual/species_image/1457_caladium_bicolor/thumbnail/25575875658_d782fb76f1_b.jpg?X-Amz-Content-Sha256=UNSIGNED-PAYLOAD&X-Amz-Algorithm=AWS4-HMAC-SHA256&X-Amz-Credential=0MPGHU7CIPXNPMVWMXUW%2F20260126%2Fus-central-1%2Fs3%2Faws4_request&X-Amz-Date=20260126T151308Z&X-Amz-SignedHeaders=host&X-Amz-Expires=86400&X-Amz-Signature=84e99ef918a9538e44c06b2bff7844e93c5e67c3be8b8cf93349e4dbb8246ce8,2026-01-27 14:08:54,2026-01-27 15:14:22.470724,96.32509754911132,12.844444573378802
39,42,Chlorophytum Comosum,Chlorophytum comosum 'Vittatum',Dan Skinner,dan.skinner@lnhm.co.uk,361.810.9443,Davidfurt,Russian Federation,-79.460413,77.002058,45.0,Attribution-ShareAlike 3.0 Unported (CC BY-SA 3.0),https://creativecommons.org/licenses/by-sa/3.0/deed.en,https://s3.us-central-1.wasabisys.com/perenual/species_image/1847_chlorophytum_comosum_vittatum/thumbnail/2560px-Chlorophytum_comosum_27Vittatum27_kz02.jpg?X-Amz-Content-Sha256=UNSIGNED-PAYLOAD&X-Amz-Algorithm=AWS4-HMAC-SHA256&X-Amz-Credential=0MPGHU7CIPXNPMVWMXUW%2F20260126%2Fus-central-1%2Fs3%2Faws4_request&X-Amz-Date=20260126T151309Z&X-Amz-SignedHeaders=host&X-Amz-Expires=86400&X-Amz-Signature=4fcb607218bef2d56d66741d7b067bba5b25499aa5b579e618fbd537dcf04884,2026-01-27 14:55:42,2026-01-27 15:14:23.771379,98.93972459829868,13.312481784221378
40,44,Araucaria Heterophylla,Araucaria heterophylla,Ariel English,ariel.english@lnhm.co.uk,549-638-9648x56913,Davidshire,Niue,55.3241195,145.548092,4.0,Attribution License,https://creativecommons.org/licenses/by/2.0/,https://s3.us-central-1.wasabisys.com/perenual/species_image/917_araucaria_heterophylla/thumbnail/49833684212_2aff9d7b3c_b.jpg?X-Amz-Content-Sha256=UNSIGNED-PAYLOAD&X-Amz-Algorithm=AWS4-HMAC-SHA256&X-Amz-Credential=0MPGHU7CIPXNPMVWMXUW%2F20260126%2Fus-central-1%2Fs3%2Faws4_request&X-Amz-Date=20260126T151730Z&X-Amz-SignedHeaders=host&X-Amz-Expires=86400&X-Amz-Signature=efcebbc68c0f227473a8fc74e8b0338675f2d2617bb3510d3f1cd46302bc91bd,2026-01-27 13:55:27,2026-01-27 15:14:23.998794,95.38304211500974,15.233829055607265
41,45,Begonia,Begonia 'Art Hodes',Amber Ross,amber.ross@lnhm.co.uk,(768)410-3898x704,Davidchester,Iran,-60.5574125,-66.633609,,,,,2026-01-27 13:12:19,2026-01-27 15:14:25.012811,93.24791446451613,16.461512201249395
42,46,Medinilla Magnifica,Medinilla magnifica,Casey Hayden,casey.hayden@lnhm.co.uk,001-318-520-0734x47289,New Lori,Malta,52.915803,-138.082562,451.0,CC0 1.0 Universal (CC0 1.0) Public Domain Dedication,https://creativecommons.org/publicdomain/zero/1.0/,https://s3.us-central-1.wasabisys.com/perenual/image/upgrade_access.jpg?X-Amz-Content-Sha256=UNSIGNED-PAYLOAD&X-Amz-Algorithm=AWS4-HMAC-SHA256&X-Amz-Credential=0MPGHU7CIPXNPMVWMXUW%2F20260126%2Fus-central-1%2Fs3%2Faws4_request&X-Amz-Date=20260126T151312Z&X-Amz-SignedHeaders=host&X-Amz-Expires=3600&X-Amz-Signature=e6606c235bcf3c6b86e1ded9d96ca5593d62ee77d2b4074cfac4012367c61283,2026-01-27 13:56:30,2026-01-27 15:14:25.270340,95.34798971641791,15.01086401070577
43,47,Calliandra Haematocephala,Calliandra haematocephala,Amy Yu,amy.yu@lnhm.co.uk,606-477-9194,South Michael,Wallis and Futuna,28.2752,-60.488715,4.0,Attribution License,https://creativecommons.org/licenses/by/2.0/,https://s3.us-central-1.wasabisys.com/perenual/species_image/1477_calliandra_haematocephala/thumbnail/52063600268_834ebc0538_b.jpg?X-Amz-Content-Sha256=UNSIGNED-PAYLOAD&X-Amz-Algorithm=AWS4-HMAC-SHA256&X-Amz-Credential=0MPGHU7CIPXNPMVWMXUW%2F20260126%2Fus-central-1%2Fs3%2Faws4_request&X-Amz-Date=20260126T151314Z&X-Amz-SignedHeaders=host&X-Amz-Expires=86400&X-Amz-Signature=61d20bdb7fd8fe07de003b10301037d600480321fe47756890e617cc0f4942ad,2026-01-27 14:07:26,2026-01-27 15:14:25.803686,94.25742331142857,15.210329864383034
44,48,Zamioculcas Zamiifolia,Zamioculcas zamiifolia,Donna Baxter,donna.baxter@lnhm.co.uk,(899)415-2737x4627,New Laurafurt,Russian Federation,73.4670145,85.12503,451.0,CC0 1.0 Universal (CC0 1.0) Public Domain Dedication,https://creativecommons.org/publicdomain/zero/1.0/,https://s3.us-central-1.wasabisys.com/perenual/image/upgrade_access.jpg?X-Amz-Content-Sha256=UNSIGNED-PAYLOAD&X-Amz-Algorithm=AWS4-HMAC-SHA256&X-Amz-Credential=0MPGHU7CIPXNPMVWMXUW%2F20260126%2Fus-central-1%2Fs3%2Faws4_request&X-Amz-Date=20260126T151315Z&X-Amz-SignedHeaders=host&X-Amz-Expires=3600&X-Amz-Signature=5acd3a105a0eab5d47ee37f7b88375f65b0e64b76234b8d8deb37ae75e60a3f4,2026-01-27 13:46:01,2026-01-27 15:14:26.933242,94.99440260660377,17.518040093209287
45,49,Crassula Ovata,Crassula ovata,Crystal Goodman,crystal.goodman@lnhm.co.uk,585-264-3806x2321,Amandahaven,Saint Helena,54.8268295,-101.575928,4.0,Attribution License,https://creativecommons.org/licenses/by/2.0/,https://s3.us-central-1.wasabisys.com/perenual/species_image/2193_crassula_ovata/thumbnail/33253726791_980c738a1e_b.jpg?X-Amz-Content-Sha256=UNSIGNED-PAYLOAD&X-Amz-Algorithm=AWS4-HMAC-SHA256&X-Amz-Credential=0MPGHU7CIPXNPMVWMXUW%2F20260126%2Fus-central-1%2Fs3%2Faws4_request&X-Amz-Date=20260126T151316Z&X-Amz-SignedHeaders=host&X-Amz-Expires=86400&X-Amz-Signature=66aaebd5366a49b4d9eb46ab78055733ff46e8f6eba13ac7bd165d72dcaf23d2,2026-01-27 13:55:52,2026-01-27 15:14:28.366033,95.42100385631068,13.207412378749039
46,50,Epipremnum Aureum,Epipremnum aureum,Gina Meyer,gina.meyer@lnhm.co.uk,+1-414-616-0457x430,North Joshuatown,Montenegro,-73.7987385,-22.615264,45.0,Attribution-ShareAlike 3.0 Unported (CC BY-SA 3.0),https://creativecommons.org/licenses/by-sa/3.0/deed.en,https://s3.us-central-1.wasabisys.com/perenual/species_image/2773_epipremnum_aureum/thumbnail/2560px-Epipremnum_aureum_31082012.jpg?X-Amz-Content-Sha256=UNSIGNED-PAYLOAD&X-Amz-Algorithm=AWS4-HMAC-SHA256&X-Amz-Credential=0MPGHU7CIPXNPMVWMXUW%2F20260126%2Fus-central-1%2Fs3%2Faws4_request&X-Amz-Date=20260126T091546Z&X-Amz-SignedHeaders=host&X-Amz-Expires=86400&X-Amz-Signature=b85c3af4d507cae46b7f4bf32396dc8f247c6d98f104903733e26346cadd87af,2026-01-27 14:52:24,2026-01-27 15:14:28.779426,98.71004924926972,14.831927034412503
